time,best,best bound,gap %,status
12.558332920074463,-2397.1499999999996,1e+100,4.1716204659700066e+98,2
time,best,best bound,gap %,status
13.676964282989502,-2173.5899999999956,2253.369999999724,203.67042542520565,2
time,best,best bound,gap %,status
14.084368228912354,-1782.1899999999948,-1782.19,2.934364200895725e-13,2
