time,best,best bound,gap %,status
30.363434076309204,-41.50346666666837,1e+100,2.4094372839536913e+100,2
time,best,best bound,gap %,status
35.02915406227112,-25.914133333332124,350.8148888898238,1453.7589097706277,2
time,best,best bound,gap %,status
38.197818994522095,0.6658666666611894,0.6658666666654285,6.36621979273925e-10,2
