time,best,best bound,gap %,status
339.4688410758972,-109.91749999999428,1e+100,9.097732390202216e+99,2
time,best,best bound,gap %,status
405.2960638999939,-88.11749999999736,856.773499994745,1072.3079978378537,2
time,best,best bound,gap %,status
411.2133822441101,-49.48150000000327,-49.48150000000022,6.174699157802874e-12,2
