time,best,best bound,gap %,status
40.20693397521973,-265.9750000000065,1e+100,3.759751856377387e+99,2
time,best,best bound,gap %,status
48.70125198364258,-227.89500000000595,1357.9160000011498,695.8515983242785,2
time,best,best bound,gap %,status
50.790178060531616,-160.70900000000273,-160.7090000000007,1.2556492601899396e-12,2
