time,best,best bound,gap %,status
62.53775191307068,-31.629600000005485,1e+100,3.1615954675361896e+100,2
time,best,best bound,gap %,status
71.71132397651672,-16.019599999997418,474.85900000222756,3064.23755900462,2
time,best,best bound,gap %,status
76.8086769580841,11.474399999989442,11.47439999999988,9.096661078858568e-11,2
