time,best,best bound,gap %,status
23.843783140182495,-42.56124444444571,1e+100,2.3495553597011917e+100,2
time,best,best bound,gap %,status
27.752298831939697,-27.745244444443234,286.7983111117463,1133.684571372323,2
time,best,best bound,gap %,status
30.319341897964478,-2.8425777777828376,-2.842577777777428,1.903008849032406e-10,2
