time,best,best bound,gap %,status
845.4977328777313,-340.31999999998044,1e+100,2.938410907381457e+99,2
time,best,best bound,gap %,status
885.0335009098053,-297.9279999999877,1775.2779999880436,695.8748422397749,2
time,best,best bound,gap %,status
890.0885660648346,-223.1799999999909,-223.1800000000015,4.750110949700298e-12,2
