time,best,best bound,gap %,status
58.97014307975769,-555.850000000007,1e+100,1.7990465053521408e+99,2
time,best,best bound,gap %,status
72.20620894432068,-492.8980000000066,2153.2180000085546,536.8485974803156,2
time,best,best bound,gap %,status
75.33761882781982,-382.1860000000048,-382.18600000000015,1.2196052044256456e-12,2
