time,best,best bound,gap %,status
37.01096701622009,-8.555999999999624,1e+100,1.1687704534829874e+101,2
time,best,best bound,gap %,status
38.28794503211975,-8.555999999999624,384.39399999879817,4592.6834969473475,2
time,best,best bound,gap %,status
42.43790006637573,20.95139999999675,21.848314285712156,4.280927697984606,2
time,best,best bound,gap %,status
43.49388122558594,21.106399999997173,21.848314285712156,3.515115252791016,2
time,best,best bound,gap %,status
44.28310203552246,21.110399999997174,21.806525714283524,3.2975486693120106,2
time,best,best bound,gap %,status
44.464051961898804,21.25659999999727,21.806525714283524,2.5870821969944573,2
time,best,best bound,gap %,status
44.7633421421051,21.262999999997273,21.806525714283524,2.556204271675305,2
time,best,best bound,gap %,status
45.043657064437866,21.315599999997293,21.806525714283524,2.3031287614999965,2
time,best,best bound,gap %,status
46.616474866867065,21.317199999997293,21.682745714283367,1.714792347428936,2
time,best,best bound,gap %,status
46.83970403671265,21.3337999999973,21.682745714283367,1.6356472559324238,2
time,best,best bound,gap %,status
47.06396126747131,21.350799999997246,21.674105714283353,1.5142557388301554,2
time,best,best bound,gap %,status
47.15821123123169,21.37599999999726,21.674105714283353,1.3945813729703078,2
time,best,best bound,gap %,status
49.48813605308533,21.384399999997257,21.674105714283353,1.3547525966879301,2
time,best,best bound,gap %,status
49.60764193534851,21.38899999999725,21.674105714283353,1.3329548566372453,2
time,best,best bound,gap %,status
50.184409856796265,21.394799999997247,21.531719523807023,0.6399663647699174,2
time,best,best bound,gap %,status
51.35956788063049,21.399599999997235,21.53091952380702,0.6136541047954314,2
time,best,best bound,gap %,status
65.12419605255127,21.40079999999724,21.423238888886072,0.10485070132347832,2
time,best,best bound,gap %,status
70.41729307174683,21.40139999999724,21.415016666663902,0.0636251210979922,2
time,best,best bound,gap %,status
73.5257658958435,21.401999999997237,21.411713333330578,0.04538516649538485,2
time,best,best bound,gap %,status
73.61199307441711,21.402599999997236,21.411713333330578,0.042580496450634914,2
time,best,best bound,gap %,status
75.28937816619873,21.403199999997234,21.411713333330578,0.03977598365358875,2
time,best,best bound,gap %,status
76.4778561592102,21.40439999999723,21.411713333330578,0.034167429749712916,2
