time,best,best bound,gap %,status
22.056732892990112,-43.13493333333437,1e+100,2.3183065852270766e+100,2
time,best,best bound,gap %,status
25.25263500213623,-28.865599999998757,237.05448888928112,921.235272744344,2
time,best,best bound,gap %,status
27.779024839401245,-5.178933333338216,-5.17893333333232,1.1385774152432107e-10,2
