time,best,best bound,gap %,status
13.08164095878601,-83.2239999999992,1e+100,1.201576468326456e+100,2
time,best,best bound,gap %,status
14.545911073684692,-62.87999999999943,421.69999999923107,770.6424936374601,2
time,best,best bound,gap %,status
15.107327938079834,-27.699999999999523,-27.700000000000003,1.731466955372115e-12,2
