time,best,best bound,gap %,status
85.09119319915771,-0.5208000000000336,1e+100,1.9201228878646997e+102,2
time,best,best bound,gap %,status
109.85493516921997,-0.4237555555555926,42.842000000003914,10210.073942000146,2
time,best,best bound,gap %,status
2191.7147483825684,5.372533333509749,16.49360497526032,206.99865317513883,2
time,best,best bound,gap %,status
10884.706968069077,5.4183444444455,14.735257356473841,171.9512852598246,2
