time,best,best bound,gap %,status
228.61089897155762,-35.35500000000098,1e+100,2.828454249752432e+100,2
time,best,best bound,gap %,status
234.5392587184906,-35.35500000000098,1574.9059999926797,4554.549568639899,2
time,best,best bound,gap %,status
257.93388080596924,2.070000000000604,9.244999999999992,346.618357487792,2
time,best,best bound,gap %,status
259.62116289138794,7.757000000000521,9.244999999999992,19.18267371405661,2
time,best,best bound,gap %,status
260.9219319820404,7.865000000000525,9.244999999999992,17.546090273355052,2
time,best,best bound,gap %,status
268.7815318107605,8.230000000000675,9.181999999999992,11.567436208982235,2
time,best,best bound,gap %,status
281.8035640716553,8.56600000000071,9.181999999999992,7.191221106691933,2
time,best,best bound,gap %,status
302.27523469924927,8.585000000000711,9.052999999999992,5.451368666269561,2
time,best,best bound,gap %,status
373.3640468120575,8.591000000000712,8.966999999999992,4.376673262708054,2
time,best,best bound,gap %,status
418.1624047756195,8.608000000000715,8.950999999999992,3.984665427500564,2
time,best,best bound,gap %,status
468.3012738227844,8.617000000000715,8.938999999999993,3.7367993501131633,2
time,best,best bound,gap %,status
548.7538149356842,8.621000000000716,8.933999999999992,3.6306692958966464,2
time,best,best bound,gap %,status
628.1087958812714,8.640000000000711,8.931999999999993,3.3796296296210433,2
time,best,best bound,gap %,status
643.6011641025543,8.647000000000709,8.931999999999993,3.2959407887043013,2
time,best,best bound,gap %,status
815.0931830406189,8.655000000000712,8.922999999999993,3.096476025410274,2
time,best,best bound,gap %,status
815.4258387088776,8.658000000000712,8.922999999999993,3.0607530607445064,2
time,best,best bound,gap %,status
815.73788189888,8.659000000000713,8.922999999999993,3.0488509065626306,2
time,best,best bound,gap %,status
875.7097878456116,8.664000000000716,8.922999999999993,2.9893813480985223,2
