time,best,best bound,gap %,status
174.50147891044617,2.969688888888414,48.681333333339246,1539.2738483646744,2
time,best,best bound,gap %,status
2985.758982896805,4.751011111112652,19.075127702781415,301.4961711658502,2
