time,best,best bound,gap %,status
8.033913850784302,-91.95199999999926,1e+100,1.0875239255263703e+100,2
time,best,best bound,gap %,status
9.243153810501099,-70.4719999999994,171.26200000000085,343.0213418095163,2
time,best,best bound,gap %,status
10.021537065505981,-33.20400000000018,-33.20400000000018,0.0,2
