time,best,best bound,gap %,status
46.846301794052124,-242.67500000000928,1e+100,4.120737612032396e+99,2
time,best,best bound,gap %,status
56.604893922805786,-204.60300000000635,1462.1420000026449,814.6239302466727,2
time,best,best bound,gap %,status
58.783880949020386,-137.17700000000247,-137.17700000000082,1.2017022875288151e-12,2
