time,best,best bound,gap %,status
230.10162901878357,-36.36800000000218,1e+100,2.7496700395950836e+100,2
time,best,best bound,gap %,status
236.61549305915833,-21.943999999999455,283.9683999994957,1394.059423986068,2
time,best,best bound,gap %,status
240.89694499969482,2.2339999999977165,2.2340000000015614,1.7210941713902293e-10,2
