time,best,best bound,gap %,status
125.58311605453491,1.1186999999994802,27.8045,2385.4295164041228,2
time,best,best bound,gap %,status
1301.6226961612701,1.9767000000001456,11.38325,475.87140183129264,2
