time,best,best bound,gap %,status
151.38739585876465,-315.25499999996924,1e+100,3.172035336473958e+99,2
time,best,best bound,gap %,status
212.07312989234924,-272.1269999999817,2588.287000010294,1051.1320082205984,2
time,best,best bound,gap %,status
222.6277220249176,-196.0069999999903,-196.00700000000222,6.075648446912543e-12,2
