time,best,best bound,gap %,status
14.80508804321289,-54.13440000000152,1e+100,1.8472542412956864e+100,2
time,best,best bound,gap %,status
16.773590087890625,-38.94240000000016,236.23819999953724,706.6349274814503,2
time,best,best bound,gap %,status
18.01318597793579,-13.486399999999684,-13.486400000000089,3.00309466857921e-12,2
