time,best,best bound,gap %,status
86.45987200737,-0.36129999999996837,1e+100,2.7677830058125864e+102,2
time,best,best bound,gap %,status
114.10202121734619,-0.06789999999997748,35.09425,51785.198821813916,2
time,best,best bound,gap %,status
3690.021445274353,4.461200000157491,13.3034,198.20227740362145,2
time,best,best bound,gap %,status
10886.527410268784,4.4612000001461665,13.3034,198.20227740437835,2
