time,best,best bound,gap %,status
93.42584013938904,-147.3524999999816,1e+100,6.786447464414413e+99,2
time,best,best bound,gap %,status
127.28735733032227,-119.31649999999179,1478.413999994927,1339.0691983045335,2
time,best,best bound,gap %,status
133.41962122917175,-69.49849999999947,-69.49819230769299,0.0004427322985074564,2
