time,best,best bound,gap %,status
41.22125291824341,-34.74880000000333,1e+100,2.877797218896492e+100,2
time,best,best bound,gap %,status
48.978829860687256,-19.668799999998853,360.44020000058885,1932.5479947968854,2
time,best,best bound,gap %,status
54.01177978515625,6.251199999994579,6.251200000001608,1.1244311513809966e-10,2
