time,best,best bound,gap %,status
43.720280170440674,-0.5498999999999749,1e+100,1.8185124568104125e+102,2
time,best,best bound,gap %,status
58.809467792510986,-0.21655000000000557,35.60699999999893,16542.853844376827,2
time,best,best bound,gap %,status
928.6161658763885,4.634000001223936,13.492245202919701,191.15764349063699,2
time,best,best bound,gap %,status
9605.101809978485,4.698749999999602,12.572700000000006,167.57541899443623,2
