time,best,best bound,gap %,status
1449.2086799144745,-542.7000000000107,1e+100,1.8426386585590202e+99,2
time,best,best bound,gap %,status
1472.0018339157104,-479.44400000001224,2719.7319999953384,667.2679186714755,2
time,best,best bound,gap %,status
1476.4622540473938,-368.12400000000827,-368.1240000000013,1.8992895111101772e-12,2
