time,best,best bound,gap %,status
36.79686403274536,-564.3000000000028,1e+100,1.772107035264921e+99,2
time,best,best bound,gap %,status
45.79283094406128,-502.26000000000295,1434.1899999999987,385.5473260860889,2
time,best,best bound,gap %,status
47.678175926208496,-393.1000000000029,-393.10000000000025,6.796338556240032e-13,2
