time,best,best bound,gap %,status
16.15088391304016,-79.87199999999946,1e+100,1.2520032051282137e+100,2
time,best,best bound,gap %,status
17.77399516105652,-59.43199999999936,492.41599999889996,928.5368151818974,2
time,best,best bound,gap %,status
18.34124207496643,-23.53999999999937,-23.53999999999998,2.59586555970137e-12,2
