time,best,best bound,gap %,status
3.3955271244049072,-51.743999999999815,1e+100,1.9325912183055107e+100,2
time,best,best bound,gap %,status
3.5067059993743896,-51.743999999999815,334.59999999993687,746.6450216449019,2
time,best,best bound,gap %,status
3.643401861190796,-0.51199999999969,0.422,182.42187500004988,2
time,best,best bound,gap %,status
3.6545698642730713,-0.41399999999969117,0.422,201.93236714983448,2
time,best,best bound,gap %,status
3.7080979347229004,-0.34399999999969,0.422,222.67441860476174,2
time,best,best bound,gap %,status
3.848928928375244,-0.23599999999969307,0.34600000000000003,246.61016949171614,2
time,best,best bound,gap %,status
4.06442403793335,0.04000000000031195,0.28,599.9999999945409,2
time,best,best bound,gap %,status
4.697202920913696,0.0800000000003111,0.266,232.499999998707,2
time,best,best bound,gap %,status
5.445108890533447,0.11000000000031313,0.252,129.09090909025696,2
time,best,best bound,gap %,status
6.34126091003418,0.14000000000031426,0.248,77.1428571424595,2
