time,best,best bound,gap %,status
105.55008268356323,0.746050000000017,23.62275,3066.3762482406623,2
time,best,best bound,gap %,status
114.23963499069214,1.4600499999996441,23.62275,1517.9411663988053,2
time,best,best bound,gap %,status
1669.454274892807,1.8329500002087977,9.6803,428.12679008687,2
time,best,best bound,gap %,status
10086.778960943222,2.1987500000000435,9.4754,330.9448550312593,2
