time,best,best bound,gap %,status
33.85573196411133,-0.4249000000000362,1e+100,2.353494939985679e+102,2
time,best,best bound,gap %,status
46.94689989089966,-0.1375444444444663,33.15166666667048,24202.512319249283,2
time,best,best bound,gap %,status
187.84310698509216,4.2227444463738095,12.625297109680949,198.98321506343225,2
time,best,best bound,gap %,status
6532.917774915695,5.042911111112032,11.312538429008258,124.32555680152942,2
