time,best,best bound,gap %,status
93.75487208366394,0.5668555555557269,28.46100000001272,4920.8557931677105,2
time,best,best bound,gap %,status
100.62056398391724,1.7663444444442695,28.46100000001272,1511.293883791005,2
time,best,best bound,gap %,status
1304.4665331840515,2.210888888888743,11.518440014709908,420.9868335128958,2
time,best,best bound,gap %,status
8509.39174079895,3.31603333333303,11.073880823262883,233.94962324254567,2
