time,best,best bound,gap %,status
119.81247997283936,-107.68999999999139,1e+100,9.285913269570806e+99,2
time,best,best bound,gap %,status
145.88418579101562,-85.11599999999581,1101.3404999949557,1393.9288735314278,2
time,best,best bound,gap %,status
153.7817358970642,-45.06400000000389,-45.06400000000062,7.25301035082589e-12,2
