time,best,best bound,gap %,status
113.49974203109741,-118.78611111111294,1e+100,8.418492622126474e+99,2
time,best,best bound,gap %,status
197.43715596199036,-94.322111111109,1290.937999983361,1468.648331527132,2
time,best,best bound,gap %,status
203.31745791435242,-50.784111111109986,-50.78411111111165,3.2739964632656412e-12,2
