time,best,best bound,gap %,status
1.8857231140136719,-360.02400000000137,1e+100,2.777592604937438e+99,2
time,best,best bound,gap %,status
2.0417749881744385,-315.50400000000025,79.72200000000002,125.26814240073026,2
time,best,best bound,gap %,status
2.100480079650879,-238.84400000000005,-238.84400000000005,0.0,2
