time,best,best bound,gap %,status
37.37038493156433,-8.555999999999624,1e+100,1.1687704534829874e+101,2
time,best,best bound,gap %,status
38.65794801712036,-8.555999999999624,384.39399999879817,4592.6834969473475,2
time,best,best bound,gap %,status
42.810391902923584,20.95139999999675,21.848314285712156,4.280927697984606,2
time,best,best bound,gap %,status
43.85554790496826,21.106399999997173,21.848314285712156,3.515115252791016,2
time,best,best bound,gap %,status
44.65044903755188,21.110399999997174,21.806525714283524,3.2975486693120106,2
time,best,best bound,gap %,status
44.829646825790405,21.25659999999727,21.806525714283524,2.5870821969944573,2
time,best,best bound,gap %,status
45.131826877593994,21.262999999997273,21.806525714283524,2.556204271675305,2
time,best,best bound,gap %,status
45.41317796707153,21.315599999997293,21.806525714283524,2.3031287614999965,2
time,best,best bound,gap %,status
46.98719000816345,21.317199999997293,21.682745714283367,1.714792347428936,2
time,best,best bound,gap %,status
47.209922790527344,21.3337999999973,21.682745714283367,1.6356472559324238,2
time,best,best bound,gap %,status
47.44912791252136,21.350799999997246,21.674105714283353,1.5142557388301554,2
time,best,best bound,gap %,status
47.54324984550476,21.37599999999726,21.674105714283353,1.3945813729703078,2
time,best,best bound,gap %,status
49.936671018600464,21.384399999997257,21.674105714283353,1.3547525966879301,2
time,best,best bound,gap %,status
50.02747988700867,21.38899999999725,21.674105714283353,1.3329548566372453,2
time,best,best bound,gap %,status
50.64070677757263,21.394799999997247,21.531719523807023,0.6399663647699174,2
time,best,best bound,gap %,status
51.79911398887634,21.399599999997235,21.53091952380702,0.6136541047954314,2
time,best,best bound,gap %,status
65.69552087783813,21.40079999999724,21.423238888886072,0.10485070132347832,2
time,best,best bound,gap %,status
70.80138993263245,21.40139999999724,21.415016666663902,0.0636251210979922,2
time,best,best bound,gap %,status
73.90643692016602,21.401999999997237,21.411713333330578,0.04538516649538485,2
time,best,best bound,gap %,status
74.01269292831421,21.402599999997236,21.411713333330578,0.042580496450634914,2
time,best,best bound,gap %,status
75.68189811706543,21.403199999997234,21.411713333330578,0.03977598365358875,2
time,best,best bound,gap %,status
76.86750912666321,21.40439999999723,21.411713333330578,0.034167429749712916,2
