time,best,best bound,gap %,status
65.1655900478363,-0.2875499999999765,1e+100,3.4776560598159684e+102,2
time,best,best bound,gap %,status
86.03842878341675,0.47385000000002875,27.775,5761.559565262914,2
time,best,best bound,gap %,status
2237.657110929489,3.9509500028233346,10.596799976069727,168.2089109833658,2
time,best,best bound,gap %,status
10864.83470582962,3.9544999999994266,10.255745736221376,159.34367773986253,2
