time,best,best bound,gap %,status
59.83781814575195,0.24560000000003887,28.004999999997548,11302.687296414135,2
time,best,best bound,gap %,status
64.40451622009277,1.8156499999998446,28.004999999997548,1442.4228237821135,2
time,best,best bound,gap %,status
559.9465532302856,2.329049999999933,11.345200000000004,387.1170648977193,2
time,best,best bound,gap %,status
4787.247314214706,3.5986999999998557,10.923400000000004,203.5373885014156,2
