time,best,best bound,gap %,status
1018.8055770397186,-335.3099999999737,1e+100,2.9823148728045047e+99,2
time,best,best bound,gap %,status
1060.9922511577606,-292.4139999999839,2225.2079999911416,860.9786125121451,2
time,best,best bound,gap %,status
1067.2831621170044,-216.75399999998976,-216.7540000000016,5.467881945652228e-12,2
