time,best,best bound,gap %,status
16.13640809059143,-2468.5499999999934,1e+100,4.050961090518736e+98,2
time,best,best bound,gap %,status
17.513771057128906,-2244.829999999992,2693.529999999999,219.98815055037616,2
time,best,best bound,gap %,status
18.239821195602417,-1853.0699999999895,-1852.9500000000007,0.006475740257451161,2
