time,best,best bound,gap %,status
40.20547795295715,-37.76266666666803,1e+100,2.6481180707576193e+100,2
time,best,best bound,gap %,status
45.86275577545166,-22.066666666665288,407.9592000012027,1948.7577039330586,2
time,best,best bound,gap %,status
48.72528576850891,5.131999999995872,5.131999999998762,5.6315911490774204e-11,2
