time,best,best bound,gap %,status
51.3994460105896,-33.37840000000458,1e+100,2.99594947630762e+100,2
time,best,best bound,gap %,status
59.517115116119385,-17.83039999999811,420.8378000014551,2460.226354997643,2
time,best,best bound,gap %,status
64.44287824630737,8.901599999991726,8.901600000001892,1.1420520122109601e-10,2
