time,best,best bound,gap %,status
20.509250164031982,-51.61920000000252,1e+100,1.9372636538341377e+100,2
time,best,best bound,gap %,status
23.076725006103516,-35.04320000000061,350.2461999989615,1099.4697972758067,2
time,best,best bound,gap %,status
24.496006965637207,-6.819199999998716,-6.819200000000352,2.3991445464100465e-11,2
