time,best,best bound,gap %,status
7.707151174545288,-90.7279999999995,1e+100,1.1021955735825827e+100,2
time,best,best bound,gap %,status
8.67476201057434,-72.3839999999993,235.59000000000108,425.4724801061054,2
time,best,best bound,gap %,status
9.128344058990479,-41.46799999999962,-41.468000000000124,1.2165654055890705e-12,2
