time,best,best bound,gap %,status
1.337468147277832,-413.28,1e+100,2.419667053813395e+99,2
time,best,best bound,gap %,status
1.4581561088562012,-368.9200000000004,50.795999999999765,113.76883877263356,2
time,best,best bound,gap %,status
1.4920096397399902,-292.86000000000035,-292.8600000000003,1.9409758540192566e-14,2
