time,best,best bound,gap %,status
243.3907060623169,2.7681000000006386,49.3780000000094,1683.8228387702038,2
time,best,best bound,gap %,status
257.6194338798523,4.514450000000832,49.3780000000094,993.7766505332942,2
