time,best,best bound,gap %,status
10.266391038894653,-2749.9499999999994,1e+100,3.636429753268242e+98,2
time,best,best bound,gap %,status
11.634235143661499,-2526.2699999999986,1936.99999999846,176.67430638840904,2
time,best,best bound,gap %,status
12.226532936096191,-2135.0699999999947,-2134.9800000000005,0.004215318467040145,2
