time,best,best bound,gap %,status
10.030484914779663,-87.00799999999953,1e+100,1.1493196027951514e+100,2
time,best,best bound,gap %,status
11.254332065582275,-67.1439999999994,348.5039999995741,619.0396759197802,2
time,best,best bound,gap %,status
11.834975004196167,-33.171999999999564,-33.171999999999976,1.242357369892872e-12,2
