time,best,best bound,gap %,status
1693.8087968826294,-47.79600000000426,1e+100,2.0922252908191287e+100,2
time,best,best bound,gap %,status
1697.6962418556213,-30.64400000000062,459.16119999844926,1598.37227515481,2
time,best,best bound,gap %,status
1699.4745879173279,-0.6879999999988292,-0.6879999999998208,1.4411921268814166e-10,2
