time,best,best bound,gap %,status
62.10330605506897,-167.27999999998622,1e+100,5.978000956480645e+99,2
time,best,best bound,gap %,status
80.50902509689331,-139.7559999999938,1125.7560000031142,905.5153267145339,2
time,best,best bound,gap %,status
84.34009194374084,-90.82599999999611,-90.82600000000143,5.851694078221849e-12,2
