time,best,best bound,gap %,status
8.544742345809937,-337.17600000000414,1e+100,2.9658101406979966e+99,2
time,best,best bound,gap %,status
8.800204038619995,-290.8960000000011,219.06200000000024,175.30595126780685,2
time,best,best bound,gap %,status
8.924192190170288,-209.59600000000015,-209.59600000000015,0.0,2
