time,best,best bound,gap %,status
106.55239796638489,-0.5954666666666565,1e+100,1.6793551276310185e+102,2
time,best,best bound,gap %,status
134.23861694335938,-0.5645888888888738,48.64733333333923,8716.417058628003,2
time,best,best bound,gap %,status
2072.0158009529114,6.058800000154404,18.807958242721238,210.42381729454561,2
time,best,best bound,gap %,status
10906.108838796616,8.855300000001531,16.37759721032546,84.94683647445744,2
