time,best,best bound,gap %,status
148.89821314811707,2.082433333332989,42.86400000000392,1958.3612120441312,2
time,best,best bound,gap %,status
3015.6984779834747,3.6974555555551545,16.792003624545583,354.1502493334053,2
