time,best,best bound,gap %,status
77.95039582252502,1.1706999999997172,35.60699999999893,2941.513624327969,2
time,best,best bound,gap %,status
82.94869589805603,2.4373499999997423,35.60699999999893,1360.8899009170902,2
time,best,best bound,gap %,status
1057.5710327625275,3.070949999999815,14.076600000000006,358.3793288722009,2
time,best,best bound,gap %,status
8186.83204293251,3.8746000000000667,13.185200000000005,240.29835337840754,2
