time,best,best bound,gap %,status
114.29758596420288,0.9369111111109156,34.41200000000133,3572.920471526726,2
time,best,best bound,gap %,status
121.72917294502258,2.300099999999756,34.41200000000133,1396.1088648321804,2
time,best,best bound,gap %,status
1227.1706900596619,2.937988889612708,13.857716476202565,371.67354938599914,2
