time,best,best bound,gap %,status
51.142953872680664,-37.36817777777932,1e+100,2.6760737597289043e+100,2
time,best,best bound,gap %,status
57.556334018707275,-21.19484444444295,486.10840000155974,2393.5219047055184,2
time,best,best bound,gap %,status
60.68928503990173,7.278488888887082,7.278488888888861,2.4442180263208076e-11,2
