time,best,best bound,gap %,status
48.33969306945801,-568.6000000000041,1e+100,1.758705592683772e+99,2
time,best,best bound,gap %,status
60.9952871799469,-505.7360000000046,1840.7979999999984,463.98397582928277,2
time,best,best bound,gap %,status
63.2946298122406,-395.23200000000406,-395.2320000000011,7.478791648353338e-13,2
