time,best,best bound,gap %,status
315.73263573646545,-229.58999999999025,1e+100,4.3555904002789424e+99,2
time,best,best bound,gap %,status
430.8968198299408,-197.60049999999404,1496.5530000157814,857.3629621462632,2
time,best,best bound,gap %,status
449.4249789714813,-140.98550000000205,-140.97556250000008,0.00704859719756113,2
