time,best,best bound,gap %,status
105.14936399459839,2.1634000000006757,41.3695,1812.2446149573393,2
time,best,best bound,gap %,status
649.8000249862671,3.9407500003474336,15.9422,304.5473577008048,2
time,best,best bound,gap %,status
6952.045638084412,6.2755000000013705,14.9012,137.45040235832596,2
