time,best,best bound,gap %,status
197.43353414535522,2.165250000000613,41.688250000000004,1825.331947811486,2
time,best,best bound,gap %,status
3317.863566160202,4.1109000000006075,16.417050000000003,299.3541560241693,2
