time,best,best bound,gap %,status
24.05722689628601,-285.37500000000256,1e+100,3.504161191414774e+99,2
time,best,best bound,gap %,status
28.249129056930542,-248.3750000000029,864.2179999971464,447.94886763850485,2
time,best,best bound,gap %,status
29.452106952667236,-183.2610000000018,-183.26100000000028,8.219700862766206e-13,2
