time,best,best bound,gap %,status
160.48540711402893,1.5241999999992992,35.09425,2202.4701482755636,2
time,best,best bound,gap %,status
1685.6730241775513,3.0143000000001523,13.88765,360.72554158508774,2
