time,best,best bound,gap %,status
90.99019813537598,2.7560222222217563,47.348333333338225,1617.9953394994236,2
time,best,best bound,gap %,status
552.1878831386566,4.599411111112758,18.42057546290819,300.4985642270976,2
time,best,best bound,gap %,status
5191.025799274445,9.491855555557276,17.118171109890792,80.34588716290013,2
time,best,best bound,gap %,status
8611.08403301239,9.924077777779427,16.793077296175056,69.21549460017039,2
