time,best,best bound,gap %,status
174.8556547164917,-245.9955555555578,1e+100,4.065114094202207e+99,2
time,best,best bound,gap %,status
283.1692078113556,-209.91555555555388,2150.1899999628627,1124.3118925952192,2
time,best,best bound,gap %,status
295.5087926387787,-146.1048888888861,-146.10488888888725,7.781179574906336e-13,2
