time,best,best bound,gap %,status
4.128361940383911,-1243.2,1e+100,8.043758043758043e+98,2
time,best,best bound,gap %,status
4.5017640590667725,-1126.1200000000003,127.29499999999916,111.30385749298468,2
time,best,best bound,gap %,status
4.624839782714844,-921.1900000000011,-921.1900000000011,0.0,2
