time,best,best bound,gap %,status
156.21103429794312,-106.47499999998549,1e+100,9.39187602723772e+99,2
time,best,best bound,gap %,status
228.0456042289734,-83.55699999999351,1351.206000008156,1717.1068851302239,2
time,best,best bound,gap %,status
236.68023419380188,-42.84900000000337,-42.84900000000149,4.394357510709975e-12,2
