time,best,best bound,gap %,status
5.748641014099121,-360.3600000000036,1e+100,2.775002775002747e+99,2
time,best,best bound,gap %,status
5.9851038455963135,-314.4400000000007,171.71600000000018,154.61010049612003,2
time,best,best bound,gap %,status
6.1082189083099365,-234.7800000000001,-234.7800000000001,0.0,2
