time,best,best bound,gap %,status
63.406466007232666,1.0784499999995092,26.12525,2322.4813389597934,2
time,best,best bound,gap %,status
349.8799579143524,1.8699999999997778,10.8352,479.42245989311704,2
time,best,best bound,gap %,status
3069.8369228839874,3.0394500000001172,10.474800000000002,244.62813995951888,2
time,best,best bound,gap %,status
9688.023939847946,3.3304500002019983,9.756400000000001,192.94539775130258,2
