time,best,best bound,gap %,status
91.63322186470032,-337.34999999998746,1e+100,2.96428042092793e+99,2
time,best,best bound,gap %,status
105.1848680973053,-295.25399999999195,1466.911999995175,596.8305255797432,2
time,best,best bound,gap %,status
113.82358503341675,-221.1839999999938,-221.16800000000103,0.007233796293028639,2
