time,best,best bound,gap %,status
6.45838475227356,-1373.399999999999,1e+100,7.281199941750406e+98,2
time,best,best bound,gap %,status
7.31700873374939,-1255.5599999999986,1113.3499999992223,188.67357991646944,2
time,best,best bound,gap %,status
7.649292945861816,-1048.989999999998,-1048.9650000000001,0.0023832448353003615,2
