time,best,best bound,gap %,status
3.7218501567840576,-46.70399999999984,1e+100,2.14114422747517e+100,2
time,best,best bound,gap %,status
3.826418876647949,-46.70399999999984,297.53999999997086,737.0760534428998,2
time,best,best bound,gap %,status
4.008221864700317,-2.4219999999996618,-1.35,44.26094137076017,2
time,best,best bound,gap %,status
4.019047021865845,-2.2839999999996627,-1.35,40.89316987739933,2
time,best,best bound,gap %,status
4.067421197891235,-2.2139999999996616,-1.35,39.024390243893116,2
time,best,best bound,gap %,status
4.076733827590942,-2.0859999999996615,-1.35,35.28283796739122,2
time,best,best bound,gap %,status
4.087548017501831,-1.9399999999996598,-1.35,30.41237113400841,2
time,best,best bound,gap %,status
4.110461235046387,-1.8119999999996588,-1.3920000000000001,23.178807947005396,2
time,best,best bound,gap %,status
4.255375146865845,-1.7319999999996596,-1.446,16.512702078505534,2
time,best,best bound,gap %,status
4.457437992095947,-1.7019999999996585,-1.45,14.806110458267277,2
time,best,best bound,gap %,status
5.008121967315674,-1.6719999999996573,-1.456,12.918660287063494,2
time,best,best bound,gap %,status
5.204029083251953,-1.6619999999996593,-1.478,11.070998796612336,2
time,best,best bound,gap %,status
5.2442240715026855,-1.6539999999996566,-1.478,10.64087061666827,2
time,best,best bound,gap %,status
5.842002868652344,-1.6439999999996586,-1.482,9.854014598521427,2
