time,best,best bound,gap %,status
1129.663906097412,-50.517600000003625,1e+100,1.9795081318192636e+100,2
time,best,best bound,gap %,status
1132.8858909606934,-33.34960000000069,423.2309999986142,1369.0736920341037,2
time,best,best bound,gap %,status
1134.3360712528229,-3.7855999999985883,-3.785600000000029,3.80554046057201e-11,2
