time,best,best bound,gap %,status
121.33764505386353,3.2160500000006835,46.84525,1356.6082616871643,2
time,best,best bound,gap %,status
835.9153206348419,4.8198500000010025,18.439,282.563772731437,2
time,best,best bound,gap %,status
9361.726428747177,5.9145000000014045,17.15583790086386,190.06404431244889,2
