time,best,best bound,gap %,status
115.70083403587341,2.400699999999533,49.25700000001194,1951.7765651693892,2
time,best,best bound,gap %,status
122.43673205375671,3.996450000000834,49.25700000001194,1132.5188604887253,2
time,best,best bound,gap %,status
2101.899194955826,5.123000000000372,18.99075000000001,270.6958813195126,2
