time,best,best bound,gap %,status
9.36227822303772,-963.3749999999927,1e+100,1.0380173867912368e+99,2
time,best,best bound,gap %,status
10.018698930740356,-844.7749999999947,1374.6399999989785,262.72261844857945,2
time,best,best bound,gap %,status
10.195727109909058,-636.8849999999971,-636.8850000000003,4.998125966548534e-13,2
