time,best,best bound,gap %,status
94.57276010513306,1.742149999999657,41.66650000000002,2291.671210860616,2
time,best,best bound,gap %,status
100.21648001670837,3.1457999999996136,41.66650000000002,1224.5120478099416,2
time,best,best bound,gap %,status
815.2318880558014,4.102750000518578,16.264250000000008,296.42313077677755,2
time,best,best bound,gap %,status
10229.50849699974,5.51560000000039,15.115539029859503,174.05067499199424,2
