time,best,best bound,gap %,status
674.067892074585,-51.743999999999815,1e+100,1.9325912183055107e+100,2
time,best,best bound,gap %,status
674.233235836029,-51.743999999999815,334.59999999993687,746.6450216449019,2
time,best,best bound,gap %,status
674.4368197917938,-0.51199999999969,0.422,182.42187500004988,2
time,best,best bound,gap %,status
674.4495451450348,-0.41399999999969117,0.422,201.93236714983448,2
time,best,best bound,gap %,status
675.1077489852905,-0.34399999999969,0.422,222.67441860476174,2
time,best,best bound,gap %,status
675.2235970497131,-0.23599999999969307,0.34600000000000003,246.61016949171614,2
time,best,best bound,gap %,status
675.431410074234,0.04000000000031195,0.28,599.9999999945409,2
time,best,best bound,gap %,status
676.0633449554443,0.0800000000003111,0.266,232.499999998707,2
time,best,best bound,gap %,status
676.8090999126434,0.11000000000031313,0.252,129.09090909025696,2
time,best,best bound,gap %,status
677.6868460178375,0.14000000000031426,0.248,77.1428571424595,2
