time,best,best bound,gap %,status
73.45828318595886,1.9480666666663387,39.776666666669215,1941.8534615520987,2
time,best,best bound,gap %,status
367.53648018836975,3.58402222279458,15.835797770711036,341.84429633260874,2
time,best,best bound,gap %,status
4822.42799115181,4.66714444444573,14.798275810758946,217.07344794888576,2
time,best,best bound,gap %,status
8526.456370353699,5.133388888890131,14.372337842805521,179.9775772669525,2
