time,best,best bound,gap %,status
112.26698303222656,-0.4336499999999604,1e+100,2.3060071486223713e+102,2
time,best,best bound,gap %,status
145.1750979423523,-0.33224999999996785,41.66275,12639.578630550499,2
time,best,best bound,gap %,status
3339.6577870845795,5.268200000000825,16.070546825963252,205.04815356214144,2
