time,best,best bound,gap %,status
5.34115195274353,-1290.4499999999996,1e+100,7.74923476306715e+98,2
time,best,best bound,gap %,status
6.092104196548462,-1172.8499999999985,225.57500000000005,119.23306475678905,2
time,best,best bound,gap %,status
6.233925104141235,-966.6399999999993,-966.64,7.056619075661019e-14,2
