time,best,best bound,gap %,status
15.930959224700928,-53.630400000001835,1e+100,1.864614099465911e+100,2
time,best,best bound,gap %,status
18.117605209350586,-37.78240000000049,282.52679999929467,847.7735665264541,2
time,best,best bound,gap %,status
19.334869146347046,-11.10239999999909,-11.102400000000268,1.0607837805541708e-11,2
