time,best,best bound,gap %,status
757.2936959266663,-34.230000000001404,1e+100,2.9214139643586297e+100,2
time,best,best bound,gap %,status
768.4324681758881,-34.230000000001404,1962.5786666340152,5833.504722856952,2
time,best,best bound,gap %,status
880.2060081958771,-8.508888888887798,10.146736073467485,219.24866108803744,2
time,best,best bound,gap %,status
956.2068960666656,8.73155555555059,10.109741446951746,15.78396750307627,2
time,best,best bound,gap %,status
1001.0351033210754,9.097333333328379,10.027596126726424,10.225664591073043,2
time,best,best bound,gap %,status
1191.9590771198273,9.2926666666617,9.945801105961198,7.028493141184951,2
time,best,best bound,gap %,status
1353.5488481521606,9.417333333328367,9.921651565746568,5.35521271858772,2
time,best,best bound,gap %,status
1644.4016771316528,9.572222222217215,9.915558934462707,3.5868025655380644,2
time,best,best bound,gap %,status
1695.4654703140259,9.582444444439439,9.914103417348278,3.461110313050612,2
time,best,best bound,gap %,status
1924.7048511505127,9.594666666661674,9.912963073469749,3.317430587912462,2
time,best,best bound,gap %,status
1965.1147701740265,9.603333333328345,9.912963073469749,3.2241902826264934,2
time,best,best bound,gap %,status
2456.903614282608,9.608444444439456,9.905671444745842,3.0933935459073707,2
time,best,best bound,gap %,status
2457.4993600845337,9.610444444439455,9.905671444745842,3.071939097230859,2
time,best,best bound,gap %,status
2458.1421313285828,9.61155555555057,9.905671444745842,3.0600238171169183,2
time,best,best bound,gap %,status
2458.7487711906433,9.612666666661685,9.905671444745842,3.048111291535218,2
time,best,best bound,gap %,status
2697.310578107834,9.62133333332835,9.905671444745842,2.955288020554733,2
time,best,best bound,gap %,status
3531.55473613739,9.621333335223003,9.905671444745842,2.95528800028056,2
time,best,best bound,gap %,status
3532.273106098175,9.621333337049787,9.905671444745842,2.955287980732637,2
time,best,best bound,gap %,status
4358.506101369858,9.62133334069721,9.905671444745842,2.955287941702542,2
