time,best,best bound,gap %,status
53.56683301925659,-0.24164999999998155,1e+100,4.1382164287195377e+102,2
time,best,best bound,gap %,status
71.2878270149231,0.5545500000000236,23.62125,4159.534757911639,2
time,best,best bound,gap %,status
1804.577828168869,3.514900000472353,8.9403,154.35432014562434,2
time,best,best bound,gap %,status
8254.577277898788,3.5229499999995024,8.73475,147.93851743570684,2
