time,best,best bound,gap %,status
29.871068000793457,-265.8250000000038,1e+100,3.7618734129596004e+99,2
time,best,best bound,gap %,status
35.23922324180603,-228.52100000000394,1051.9419999967886,560.3261844630341,2
time,best,best bound,gap %,status
36.6665461063385,-162.55900000000258,-162.55900000000048,1.2938111687755602e-12,2
