time,best,best bound,gap %,status
71.76617312431335,-130.86888888888944,1e+100,7.641235502878166e+99,2
time,best,best bound,gap %,status
96.46201586723328,-107.13288888888708,899.9261111036595,940.0091889961245,2
time,best,best bound,gap %,status
101.17016220092773,-65.21622222222265,-65.21622222222267,2.1790367842496102e-14,2
