time,best,best bound,gap %,status
833.5391981601715,-131.09833333333532,1e+100,7.6278620374018345e+99,2
time,best,best bound,gap %,status
865.4645068645477,-106.9063333333324,1106.795777765491,1135.2948635087107,2
time,best,best bound,gap %,status
870.3265171051025,-63.92299999999796,-63.9230000000003,3.657033619590451e-12,2
