time,best,best bound,gap %,status
8.713303804397583,-1173.3749999999961,1e+100,8.522424629807209e+98,2
time,best,best bound,gap %,status
9.439303874969482,-1054.6949999999938,1427.849999998928,235.38037062837472,2
time,best,best bound,gap %,status
9.680271863937378,-846.6849999999945,-846.6850000000007,7.385008680546984e-13,2
