time,best,best bound,gap %,status
143.74098420143127,-0.5175999999999512,1e+100,1.9319938176199658e+102,2
time,best,best bound,gap %,status
181.6943690776825,-0.4416999999999591,49.34050000000924,11270.590898803217,2
time,best,best bound,gap %,status
3323.99809718132,6.229200000001273,18.973550000000003,204.5904771077526,2
