time,best,best bound,gap %,status
49.92122793197632,-0.34230000000002564,1e+100,2.921413964358531e+102,2
time,best,best bound,gap %,status
68.57866096496582,0.31460000000004434,28.440333333346036,8940.15681288685,2
time,best,best bound,gap %,status
1584.1482119560242,3.900666666666481,10.8091592914348,177.11056122291865,2
time,best,best bound,gap %,status
9490.45665216446,3.9199000002198128,10.409229947474191,165.54835447053452,2
