time,best,best bound,gap %,status
83.41248393058777,1.7021499999992868,33.407500000000006,1862.6648650244692,2
time,best,best bound,gap %,status
406.35755610466003,3.0605500000002275,13.44725,339.3736419924197,2
time,best,best bound,gap %,status
4040.1090049743652,4.2375000000005425,12.760950000000001,201.14336283181987,2
