time,best,best bound,gap %,status
476.127671957016,-5.404622222222623,1e+100,1.8502680832865967e+101,2
time,best,best bound,gap %,status
477.6817088127136,-5.404622222222623,310.79075555631204,5850.462155863706,2
time,best,best bound,gap %,status
483.7077651023865,21.541244444437243,22.187778787872894,3.001378797326679,2
time,best,best bound,gap %,status
484.28922605514526,21.54697777777058,22.187778787872894,2.973971647956178,2
time,best,best bound,gap %,status
485.0861887931824,21.658977777771053,22.187778787872894,2.4414864613073175,2
time,best,best bound,gap %,status
485.18724489212036,21.727199999993267,22.187778787872894,2.1198257846375466,2
time,best,best bound,gap %,status
486.999883890152,21.742533333326595,22.163015824910214,1.933916738851729,2
time,best,best bound,gap %,status
490.0650269985199,21.75697777777103,22.11252026935477,1.6341538572834144,2
time,best,best bound,gap %,status
491.4414517879486,21.760888888882143,22.100698765426394,1.561562481566934,2
time,best,best bound,gap %,status
494.9022958278656,21.76582222221547,22.07326962962371,1.4125237460335476,2
time,best,best bound,gap %,status
495.0404031276703,21.828577777771024,22.07326962962371,1.1209701994504924,2
time,best,best bound,gap %,status
496.22685980796814,21.836488888882133,21.960960763181497,0.5700178033783498,2
time,best,best bound,gap %,status
498.4361388683319,21.859777777770997,21.960679281700017,0.46158522266235275,2
time,best,best bound,gap %,status
514.4428310394287,21.866977777770998,21.878254074068607,0.05156769450359145,2
time,best,best bound,gap %,status
527.2780261039734,21.868977777770997,21.87268888888213,0.01696975116461938,2
time,best,best bound,gap %,status
527.3725788593292,21.86973333332655,21.87268888888213,0.013514364855452425,2
