time,best,best bound,gap %,status
7.759998083114624,-2463.2999999999956,1e+100,4.0595948524337344e+98,2
time,best,best bound,gap %,status
9.086276054382324,-1984.6999999999941,1470.1099999988905,174.07215196245753,2
time,best,best bound,gap %,status
9.095385074615479,-2240.7799999999957,1470.1099999988905,165.60706539682135,2
time,best,best bound,gap %,status
9.325567960739136,-1850.8599999999958,-1850.8600000000001,2.3341040561800563e-13,2
