time,best,best bound,gap %,status
63.619608879089355,-0.41323333333336804,1e+100,2.419940308138863e+102,2
time,best,best bound,gap %,status
83.03386402130127,0.02831111111107689,34.41200000000133,121449.45054960214,2
time,best,best bound,gap %,status
1704.5222148895264,4.52594444675436,13.243987880459116,192.62373933813151,2
time,best,best bound,gap %,status
10863.323125123978,4.5510000000009025,12.389009423607359,172.22609148769286,2
