time,best,best bound,gap %,status
48.20949077606201,-170.77499999999102,1e+100,5.855658029571381e+99,2
time,best,best bound,gap %,status
65.46586108207703,-143.7949999999951,896.3630000036787,723.3617302435475,2
time,best,best bound,gap %,status
72.16210198402405,-96.08899999999635,-96.08600000000067,0.00312210554348586,2
