time,best,best bound,gap %,status
19.172184228897095,-14.247999999999317,1e+100,7.018528916339472e+100,2
time,best,best bound,gap %,status
19.81585693359375,-14.247999999999317,384.40799999940583,2797.9786636680533,2
time,best,best bound,gap %,status
21.260340929031372,17.678000000000576,18.611999999999984,5.283403099894656,2
time,best,best bound,gap %,status
21.49415397644043,17.680000000000575,18.611999999999984,5.271493212666168,2
time,best,best bound,gap %,status
21.825659036636353,17.78600000000049,18.611999999999984,4.644102102774483,2
time,best,best bound,gap %,status
22.489710092544556,17.936000000000472,18.491999999999983,3.0999107939311776,2
time,best,best bound,gap %,status
24.95490312576294,17.942000000000476,18.113999999999983,0.9586445212323164,2
time,best,best bound,gap %,status
27.857012033462524,17.944000000000475,17.991999999999983,0.2674988854185617,2
time,best,best bound,gap %,status
30.67939519882202,17.946000000000474,17.969999999999985,0.13373453694143544,2
time,best,best bound,gap %,status
32.02933311462402,17.950000000000472,17.967999999999986,0.10027855152932305,2
time,best,best bound,gap %,status
34.057016134262085,17.95200000000047,17.965999999999983,0.07798573974772871,2
time,best,best bound,gap %,status
36.12519407272339,17.960000000000466,17.959999999999983,2.690250892632826e-12,2
